user1,잠 못 드는 밤에,문명진,알앤비/어반,2011,잠 못드는 밤에,40,40,대한민국,한국어,4:13
user1,듣는 편지,40,발라드,2013,듣는 편지,40,40,대한민국,한국어,3:24
user1,말꼬리,윤종신(Feat. 정준일),발라드,2011,2011월간윤종신6월호,윤종신,윤종신,대한민국,한국어,4:24
user1,Always,윤미래,드라마음악,2016,태양의후예OST Part1,로코베리,"지훈, 개미",대한민국,한국어,3:29
user1,If ony,나윤권,발라드,2014,If Only,김형석,"양재선, 장여진",대한민국,한국어,4:07
user1,Thinking Out Load,Ed sheeran,팝,2014,X,Ed Sheeran,Ed Sheeran,영국,영어,4:45
user1,Photograph,Ed sheeran,팝,2014,X,Ed Sheeran,Ed Sheeran,영국,영어,4:33
user1,사랑해요,김범수,드라마음악,2016,함부로 애틋하게 OST Part 9,"톰이랑 제리, 전우성","톰이랑 제리, 전우성",대한민국,한국어,4:08
user1,이 소설의 끝을 다시 써보려 해,한동근,발라드,2014,이 소설의 끝을 다시 써보려 해,"제피(Xepy), 마스터키(MasterKey)",마스터키(MasterKey),대한민국,한국어,4:22
user1,Love yourself,Justin Bieber,팝,2015,Purpose,"Justin Bieber, Ed Sheeran, Benjamin Levin",Benny Blanco,미국,영어,4:33
user2,꽃피는 봄이오면,BMK,발라드,2005,Soul Food,황세준,,대한민국,한국어,4:44
user2,안녕 나야,포맨,발라드,2013,The 5th Album Vol.1(실화),윤민수,,대한민국,한국어,4:18
user2,Always Awake,빈지노,힙합,2012,24:26:00,빈지노,,대한민국,한국어,3:41
user2,스토커,10cm,Folk,2014,3,10cm,,대한민국,한국어,4:12
user2,편지,김광진,발라드,2000,It's Me,김광진,,대한민국,한국어,4:40
user2,같은 시간 속의 너,나얼,알앤비,2015,브라운 아이드 소울 싱글 프로젝트,나얼,,대한민국,한국어 ,4:10
user2,헤어지는 중입니다,이은미,발라드,2009,소리 위를 걷다,운일상,,대한민국,한국어,4:43
user2,D(half user25),DEAN,알앤비,2016,130 mood:TRBL,Deanfluenza,,대한민국,한국어,3:49
user2,여전히 아름다운지,김연우,발라드,1999,A Night In Seoul,유희열,,대한민국,한국어,4:14
user2,The Time Goes On,BewhY,힙합,2015,Time Travel,BewhY,,대한민국,한국어,5:22
user3,어디에도,mc the max,발라드,2016,pathos,"이수, 송양하, 김재현",,대한민국,한국어,5:37
user3,행복하지 말아요,M.C. the Max,Ballad,2014,Solitude Love…,Kohmi Hrose,,대한민국,한국어,5:56
user3,감사,김동률,발라드,2012,기억속의 멜로디,김동률,,대한민국,한국어,4:52
user3,"lazenca, save us",하현우,발라드,2016,복면가왕,신해철,,대한민국,"한국어, 영어",3:32
user3,일상으로의 초대,하현우,발라드,2016,복면가왕,신해철,,대한민국,한국어,5:12
user3,하여가,하현우,발라드,2016,복면가왕,서태지,,대한민국,한국어,5:09
user3,민물장어의 꿈,하현우,발라드,2016,복면가왕,신해철,,대한민국,한국어,4:38
user3,안아줘,정준일,락,2011,Lo9ve3r4s,정준일,,대한민국,한국어,4:52
user3,피노키오,로이킴,드라마 ost,2014,피노키오  OST,로코베리,,대한민국,한국어,3:39
user3,서시,신성우,락,1994,서시,이근상,,대한민국,한국어,3:52
user4,이불킥,방탄소년단,랩/힙합,2014.08.20,DARK&WILD,랩몬스터,방시혁,대한민국,한국어,4:01
user4,이름 모를 새,박효신,발라드,2012,Gift E.C.H.O,박수종,박수종,대한민국,한국어,3:53
user4,whatever you do,크러쉬,R&B/Soul,2014,Crush On You,Crush,Crush,대한민국,한국어,3:40
user4,Oh Boy,레드벨벳,댄스,2015,The Red-The 1st Album,Herbie Crichlow,Herbie Crichlow,대한민국,한국어,3:08
user4,러시안 룰렛,레드벨벳,댄스,2016,Russian Roullette - The 3rd Mini Album,Albi Albertsson,Albi Albertsson,대한민국,한국어,3:32
user4,목요일 밤(Feat. 빈지노),어반자카파,R&B / Soul,2016,목요일 밤,조현아,조현아,대한민국,한국어,3:30
user4,보란듯이(Feat. 앤덥),손승연,R&B / Soul,2016,보란듯이,박근태,박근태,대한민국,한국어,3:56
user4,아주 NICE,세븐틴,댄스,2016,Love&Letter Repackage Album,WOOZI,WOOZI,대한민국,한국어,3:12
user4,취향저격,iKON,Rap/ Hip-hop,2016,WELCOME BACK,Choice37,KUSH,대한민국,한국어,3:30
user4,D (Half user25),딘,R&B / Soul,2016,1300 mood: TRBL,Deanfluenza,Deanfluenza,대한민국,한국어,3:49
user5,오래된 노래 ,스탠딩 에그,발라드,2012,오래된 노래,스탠딩에그  ,스탠딩에그,대한민국,한국어,4:33
user5,진심,정키,발라드 ,2011,Collaboration with loved ones,정키,정키,대한민국,한국어,5:14
user5,눈물이 되어줄게,허각,발라드,2013,LITTLE GIANT,"황종하,장현철","황종하,장현철",대한민국,한국어,4:17
user5,스토커,10cm,발라드,2014,3 . 0,10cm,10cm,대한민국,한국어,4:13
user5,빨래,이적,발라드,2010,사랑,이적,이적,대한민국,한국어,3:54
user5,안아줘,정준일,발라드,2011,Lo9ve3r4s,정준일,정준일,대한민국,한국어,4:35
user5,gift,박효신,발라드,2012,GIFT E.C.H.O,황세준,황세준,대한민국,한국어,3:28
user5,사월의 눈,허각,발라드,2015,사월의 눈,G.gorilla,G.gorilla,대한민국,한국어,3:59
user5,결혼,애쉬그레이,락,2011,AshGray,심태현,심태현,대한민국,한국어,4:02
user5,축가,김우주,발라드,2015,축가,김우주,김우주,대한민국,한국어,3:35
user6,mama,정키,발라드,2013,Emotion,정키,,대한민국,한국어,4:40
user6,비가 오네,긱스,랩/힙합,2013,Backpack,"릴보이,루이,TK",,대한민국,한국어,4:16
user6,rain,태연,발라드,2016,Rain,Matthew Tishier,,대한민국,한국어,3:49
user6,오늘은 헤어지는 날,거미,알앤비/어반,2005,For The Bloom,김선민,,대한민국,한국어,4:25
user6,비오는 거리,베이빌론,알앤비/어반,2016,BETWEEN US,"Groovy Room,베이빌론,핫펠트",,대한민국,한국어,3:25
user6,딱 좋은 온도,프리티 브라운,랩/힙합,2016,딱 좋은 온도,김건우,,대한민국,한국어,
user6,만화처럼,"매드클라운,브라더수",랩/힙합,2016,만화처럼,"매드클라운,브라더수",,대한민국,한국어,
user6,감동이 중요해,주니엘,랩/힙합,2013,DOKKUN Project Part 3,김도훈,,대한민국,한국어,
user6,crush on you,크러쉬,랩/힙합,2013,Crush On You,,,대한민국,한국어,
user6,장미꽃,개코,랩/힙합,2014,Redingray,개코,,대한민국,한국어,
user7,우주를 줄게,볼빨간 사춘기,인디,2016,RED PLANET,"안지영,바닐라 어쿠스틱",,대한민국,,
user7,UFO 타고 왔니?,"헤이즈, 고영배",드라마음악,2016,질투의 화신 OST Part 1,"남혜승박진호","남혜승, 박진호",대한민국,한국어,3:47
user7,토요일 밤이 좋아,로맨틱 펀치,락,2010,1집 Midnight Cinderella,배인혁,배인혁,대한민국,한국어,4:03
user7,For Him.,Troye Sivan,팝,2016,Blue Neighbourhood (Deluxe Edition),,,오스트레일리아,한국어,3:29
user7,In My Place,Coldplay,팝,2002,In My Place,Chris Martin,,영국,한국어,3:49
user7,Cake by the ocean,DNCE,팝,2015,SWAAY,"매트맨 & 로빈, 조 조너스, 저스틴 트랜터",매트맨 & 로빈,미국,한국어,3:38
user7,Flight,한올,포크,2016,Flight,한올,,대한민국,한국어,4:13
user7,Skit,기리보이(Feat. Swings)   ,랩/힙합,2013,Skit,"기리보이,한요한",기리보이,대한민국,한국어,4:50
user7,Russian Roulette,레드벨벳,댄스,2016,Russian Roulette - The 3rd Mini Album,,"Albi Albertsson Belle Humble Markus Lindell",대한민국,한국어,3:31
user7,가장 아름다운 노래,장기하와 얼굴들,락,2016,내 사랑에 노련한 사람이 어딨나요,장기하,,대한민국,한국어,4:08
user7,우주를 줄게,볼빨간 사춘기,인디뮤직,2016,Full Album RED PLANET,"안지영 바닐라맨 (바닐라어쿠스틱)",,대한민국,한국어,3:33
user8,우산,에픽하이,힙합,2008,"Pieces, Part One",에픽하이,"에픽하이, 플래닛 쉬버",대한민국,한국어,5:01
user8,어땠을까,"싸이, 박정현",댄스,2012,싸이6甲 Part 1,싸이 유건형,,대한민국,한국어,4:04
user8,봄이 좋냐??,10cm,Fork,2016,3.2,10cm,,대한민국,한국어,3:25
user8,내가 저지른 사랑,임창정,발라드,2016,I'M,,,대한민국,한국어,4:01
user8,미인,이기찬,발라드,2007,Para Ti Repackage Album,조영수,안영민,대한민국,한국어,3:38
user8,죽을만큼 아파서,MC몽,힙합,2010,블루브랜드 Trauma Part 2,김건우,김건우,대한민국,한국어,4:06
user8,SunShine Love,아미,댄스,2008,Sunshine Love,이정규,이정규,대한민국 ,한국어,3:31
user8,요리왕,슈퍼주니어 해피,Dance,2008,요리왕 (Cooking? Cooking!) The First Mini Album ,ROZ,ROZ,대한민국,한국어,3:43
user8,초콜릿,"케이윌,마리오",댄스,2009,Color Chocolate,"김도훈,이현승","김도훈,이현승",대한민국,한국어,3:13
user8,보고싶은날엔,V.O.S,발라드,2010,This is Voice Of Soul,한상원,한상원,대한민국,한국어,
user9,Death Of A Bachelor,Panic! At The Disco,Rock,2016,Death Of A Bachelor,,,미국,영어,3:23
user9,Wherever I Go,OneRepublic,Rock,2016,Future Looks Good,,,미국,영어,2:50
user9,휘파람,BLACKPINK,Rap/Hip-hop,2016,SQUARE ONE,TEDDY,,대한민국,"한국어, 영어",3:31
user9,바람에 날려,여자친구,Dance,2016,여자친구 The 1st Album `LOL`,e.one,,대한민국,한국어,3:50
user9,Fantasy,빅스,Dance,2016,Hades,Devine Channel,,대한민국,"한국어, 영어",3:28
user9,IF YOU,BIGBANG,Folk,2015,D,"G-DRAGON, P.K, DEE.P",,대한민국,"한국어, 영어",4:24
user9,아주 NICE,세븐틴,Dance,2016,Love&Letter Repackage Album,"WOOZI, BUMZU ",,대한민국,"한국어, 영어",3:12
user9,소멸탈출,넬,Rock,2014,Newton's Apple,김종완,,대한민국,"한국어, 영어",4:17
user9,안경,아이유,Ballad,2015,CHAT-SHIRE,아이유,,대한민국,한국어,3:16
user9,Lost Stars,Adam Levine,Foreign Movie,2014,비긴 어게인 OST,,,미국,영어,4:28
user9,Just Like Fire,Pink,Pop,2016,Just Like Fire,,,미국,영어,3:35
user9,Hymn For The Weekend,Coldplay,Rock,2015,A Head Full Of Dreams,,,영국,영어,4:18
user10,내가 저지른 사랑,임창정,발라드,2016,I'M,"임창정, 박성수",임창정,대한민국,한국어,3:58
user10,선,유승우,"알앤비, 어반",2016,Pit a pat,브라더수,"브라더수, 유웅렬",대한민국,한국어,3:32
user10,괜찮아 떠나,스윗소로우,댄스,2013,4th #1 괜찮아 떠나,김영우,김영우,대한민국,한국어,3:42
user10,네 생각,존박,발라드,2016,네 생각,존 박,적재,대한민국,한국어,3:50
user10,All mine,f(x),일렉트로니카,2016,All mine,Greg Bonnick,LDN Noise,대한민국,한국어,3:23
user10,2 DIfferent Tears,원더걸스,댄스,2010,2 Different Tears,박진영,"박진영, 이우석",대한민국,한국어,3:24
user10,Get Lucky,Daft Punk,일렉트로니카,2013,Random Access Memories,Daft Punk,Daft Punk,프랑스,영어,6:09
user10,Happy,Pharrell Williams,힙합,2013,Happy,Pharrell Williams,Pharrell Williams,미국,영어,3:53
user10,You(=I),볼빨간 사춘기,인디뮤직,2016,Full Album RED PLANET,안지영,바닐라맨,대한민국,한국어,2:49
user10,심술,볼빨간사춘기,인디뮤직,2016,Half Album RED ICKLE,안지영,바닐라맨 어쿠스틱,대한민국,한국어,2:38
user11,밀리언조각,규현,발라드,2015,"다시, 가을이 오면 - The 2nd Mini Album",Kenzie,,대한민국,한국어,5:14
user11,광화문에서,규현,발라드,2014,광화문에서,Kenzie,,대한민국,한국어,4:43
user11,Heaven,에일리,발라드,2012,Heaven,휘성,,대한민국,한국어,3:31
user11,Sorry,주니엘,발라드,2015,Sorry,TL,,대한민국,한국어,3:41
user11,Everlasting Sunset,주니엘,발라드,2012,My first june,주니엘,,대한민국,한국어,4:46
user11,또 다시 사랑,임창정,발라드,2015,또 다시 사랑,임창정,,대한민국,한국어,4:35
user11,저녁하늘,에일리,발라드,2012,Invitation,박근태,,대한민국,한국어,3:53
user11,illa illa,주니엘,발라드,2012,My first june,김도훈,,대한민국,한국어,3:36
user11,하늘바라기,정은지,발라드,2016,Dream,이단옆차기,,대한민국,한국어,3:40
user11,내가 저지른 사랑,임창정,발라드,2016,I'M,임창정,,대한민국,한국어,3:58
user12,하기나해,그레이,힙합,2015,gratground. 01,그레이,그레이,대한민국,한국어,3:48
user12,피노키오,로이킴,드라마,2014,피노키오,로코베리,"지훈, 구지안",대한민국,한국어,3:33
user12,검은행복,윤미래,힙합,2007,t 3 YOONMIRAE,타이거JK,타이거JK,대한민국,한국어,4:04
user12,봄을 그리다,어반자카파,알앤비,2011,[01],조현아,조현아,대한민국,한국어,4:29
user12,미인,이기찬,발라드,2007,Para Ti Repackage Album,조영수,안영민,대한민국,한국어,3:38
user12,겨울을 걷는다,윤딴딴,락,2014,반오십,윤딴딴,윤딴딴,대한민국,한국어,4:38
user12,그녀를 사랑해줘요,하동균,발라드,2006,Stand Alone,PJ,최갑원,대한민국,한국어,4:19
user12,공감,정준영,발라드,2016,공감,정준영,정준영,대한민국,한국어,4:07
user12,연애,프리스타일,랩,2009,Dry&Wet,지오,미노,대한민국,한국어,3:43
user12,다른별,브라더수,알앤비,2013,Paper,브라더수,브라더수,대한민국,한국어,3:43
user13,우주를건너,백예린,알앤비 ,2015,FRANK,"백예린,구름",구름,대한민국,한국어,4:06
user13,안녕 사랑아,박효신,발라드,2010,안녕 사랑아 (Digital Single) ,"황세준, 김도훈",황세준,대한민국,한국어,3:56
user13,죽을만큼 아파서,MC몽,힙합,2010,블루브랜드 Trauma Part 2,김건우,김건우,대한민국,한국어,4:06
user13,하늘바라기,정은지,발라드,2016,Dream,이단옆차기,이단옆차기,대한민국,한국어,3:40
user13,Simon Dominic,Simon.D,힙합,2015,￦ & ONLY,그레이,그레이,대한민국,한국어,3:43
user13,쿵,Zion.T       ,힙합,2016,쇼미더머니 5 Special ,Zion.T,Zion.T,대한민국,한국어,3:15
user13,회상,리쌍,힙합,2011,AsuRa BalBalTa,길,,대한민국,한국어,4:47
user13,서프라이즈,범키,알앤비,2016,U-TURN ,범키,범키,대한민국,한국어,3:35
user13,Hello,adele,pop,2015,Hello,"adele, greg kerstin",greg kerstin,대한민국,한국어,4:55
user13,이 소설의 끝을 다시 써보려해,한동근,발라드,2014,이 소설의 끝을 다시 써보려 해 ,"제피, 마스터키","제피, 마스터키",대한민국,한국어,4:22
user14,piano,December,발라드,2015,Reason,조영수,조영수,대한민국,한국어,3:03
user14,그림자,Monday Kiz,드라마 ost,2012,해를 품은 달,"한상원, 반형문",,대한민국,한국어,3:56
user14,녹슨 가슴,Monday Kiz,발라드,2007,Incompletion,박해운,,대한민국,한국어,4:37
user14,유리 심장,Monday Kiz,발라드,2010,ru:t;,김원,,대한민국,한국어,3:37
user14,친구라서 끝내 참는 말,Monday Kiz,발라드,2012,Healing activity,"이진성, 멜로딘 준영",,대한민국,한국어,3:38
user14,She's gone,December,발라드,2012,She's gone,조영수,조영수,대한민국,한국어,3:51
user14,사랑을 고백합니다,December,발라드,2009,Dear My Lover,박정욱,,대한민국,한국어,3:59
user14,혼자왔어요,December,발라드,2010,A Story To The Sky,오성훈,,대한민국,한국어,3:42
user14,You are Mine,SG Wannabe,발라드,2015,THE VOICE,김진호,,대한민국,한국어,4:20
user14,So Sick,Ne-Yo,R&B,2006,In My Own Words,Ne-Yo,,USA,English,3:27
user15,민물장어의 꿈,신해철,ROCK,1999,Homemade Cookes,신해철,,대한민국,한국어,3:27
user15,134 14,GOD,hiphop,2001,Chapter4,데니안,박진영,대한민국,한국어,3:29
user15,서울 이곳은,로이킴 ,발라드,2013,응답하라 1994 OST PART1,장철웅,,대한민국,한국어,4:26
user15,Here i stand for you,NEXT,ROCK,1997,Here i stand for you,신해철,신해철,대한민국,한국어,4:50
user15,해에게서 소년에게	,NEXT,ROCK,1997,Lazenca: A Space Rock Opera,신해철,crom,대한민국,한국어,5:03
user15,발해를 꿈꾸며,서태지와 아이들,ROCK,1994,Seotaiji and Boys 3,서태지,서태지,대한민국,한국어,4:40
user15,시대유감,서태지와 아이들,ROCK,1996,Seotaiji and Boys 4,서태지,"서태지, 김국",대한민국,한국어,3:31
user15,낭만에 대하여,최백호,트로트,1995,열여섯번째 이야기,최백호,,대한민국,한국어,3:22
user15,왼손잡이,패닉,ROCK,1995,달팽이,이적,장미기획,대한민국,한국어,3:35
user15,나는 나비,윤도현밴드,ROCK,2006,Why be?,박태희,윤도현밴드,대한민국,한국어,4:37
user16,내가 저지른 사랑,임창정,"Ballad, Dance",2016,I`M,,,,한국어,4:01
user16,이 소설의 끝을 다시 써보려해,한동근,Ballad,2014,The 1st Digital Single `이 소설의 끝을 ,"제피(Xepy), 마스터키(MasterKey)",,대한민국,한국어,
user16,벚꽃 엔딩,버스커버스커,발라드,2012,,장범준,,대한민국,한국어,4:25
user16,사랑의 배터리,홍진영,Adult Contemporary,2009,사랑의 배터리,조영수,,대한민국,한국어,3:35
user16,비행기,거북이,Dance,2006,거북이 사요!!,임성훈,,대한민국,한국어,3:41
user16,시간과 낙엽,악동뮤지션,발라드,2014,시간과 낙엽,이찬혁,,대한민국,한국어,4:07
user16,러시안룰렛,레드벨벳,댄스,2016,러시안룰렛,조윤경,Albi Albertsson,대한민국,한국어,3:31
user16,누구보다 널 사랑해,디셈버,발라드,2011,조영수 All Star - 디셈버,조영수,조영수,대한민국,한국어,3:53
user16,세상이 완벽했다면 (Feat. 태연 of 소녀시대),버벌진트,Rap / Hip-hop,2015,GO HARD Part 1 : 양가치,"버벌진트, Assbrass",,대한민국,한국어,3:52
user16,돌아오지마,헤이즈,랩/힙합,2016,돌아오지마,헤이즈,헤이즈,대한민국,한국어,3:37
user17,stan,eminem,힙합,2001,stan(single),,"Eminem, Dido, Paul Herman",미국,영어,
user17,gear2,loopy,힙합,2015,,,,대한민국,한국어,4:00
user17,향수,일리닛,힙합,2011,Triple1,일리닛,일리닛,대한민국,한국어,5:23
user17,문득,Loquence,힙합,2008,Walk In The Sky,Loquence,Loquence,대한민국,한국어,
user17,사직서,제리케이,힙합,2011,The Amazing Mixtape,소울컴퍼니,소울컴퍼니,대한민국,한국어,
user17,가면무도회,fana,힙합,2009,Fanatic,fana,fana,대한민국,한국어,
user17,그것은 집착 혹은 환상,Loquence,힙합,2008,Walk In The Sky,Loquence,Loquence,대한민국,한국어,
user17,새벽에누워,D.C,힙합,2010,Someone Like You,D.C,D.C,대한민국,한국어,
user17,Lose Yourself,Eminem,힙합,2002,Lose Yourself,Eminem,Eminem,미국,영어,5:23
user18,첨밀밀,헤라,트로트,2008,몽중인,,,중국,한국어,3:30
user18,여자로보여,후니아,알앤비,2015,여자로보여,후니아,,대한민국,한국어,3:51
user18,사랑해요,김범수,"알엔비,발라드",2012,보고싶다,윤일상,,대한민국,한국어,4:08
user18,내 탓은 아니야,권나무,Folk,2014,그림,권나무,권나무,대한민국,한국어,4:47
user18,History,one direction,Pop,2015,Made In The A. M.,,,영국,한국어,3:07
user18,21,DEAN,알앤비,2016,130 mood : TRBL ,"Deanfluenza, Hyuk Shin,Osinachi Nwanari, 2xxx!, Chek Parren",,,한국어,3:27
user18,Why so lonely,원더걸스,Dance,2016,Why So Lonely,"선미, 혜림, 유빈, 홍지상",,대한민국,한국어,3:26
user18,toothbrush,Dnce,Pop,2015,SWAAY,Dnce,Dnce,미국,한국어,3:51
user18,쓰담쓰담,10cm,Folk,2014,3,10cm,10cm,대한민국,한국어,4:01
user18,축가,김연우,발라드,2010,정,윤일상,,대한민국,한국어,4:31
user19,energy,drake,힙합,2015,if you're Reading This It's Too Late,,,미국,영어,3:02
user19,SOFA,crush,알앤비,2014,SOFA,Crush,,대한민국,"한국어,영어",3:49
user19,Eternal Sunshine,Jhene Aiko,알앤비,2014,Souled Out,,,미국,영어,3:30
user19,감아줘,Ryan,알앤비,2016,The Legendary Close Up,Ryan IM,,대한민국,"한국어,영어",3:20
user19,Photograph,Ed Sheeran,발라드,2014,X,Ed Sheeran,,영국,영어,4:19
user19,One,Ed Sheeran,발라드,2014,X,Ed Sheeran,,영국,영어,4:12
user19,Research,Big Sean,힙합,2015,Dark Sky Paradise,,,미국,영어,3:50
user19,그럼,염따,힙합,2016,살아숨셔,염따,염따,대한민국,한국어,3:36
user19,just,마마무,알앤비,2016,Melting,박우상,박우상,대한민국,"한국어,영어",3:41
user19,From Time,drake,힙합,2013,Nothing Was The Same,,,미국,영어,5:22
user20,Why,태연(TAEYEON),Dance,2016,Why- The 2nd Mini Album,"LDN Noise, Lauren Dyson, Rodnae `Chikk` Bell",,대한민국,한국어,3:27
user20,너는 나 나는 너,지코 (ZICO),R&B / Soul,2016,Break Up 2 Make Up,지코 (ZICO),,대한민국,한국어,3:33
user20,제주도의 푸른 밤,태연 (TAEYEON),Rock,2016,밴드 고맙삼다,최성원,,대한민국,한국어,3:23
user20,Drive It Like You Stole It,Sing Street,Foreign Movie,2016,싱 스트리트 OST,Gary Clark,,아일랜드,영어,3:36
user20,아는사람 얘기,San E,Rap / Hip-hop,2013,아는사람 얘기,San E,,대한민국,한국어,3:26
user20,Lovesick,San E,Rap / Hip-hop,2010,Lovesick,San E,,대한민국,한국어,3:44
user20,외톨이,아웃사이더,Rap / Hip-hop,2009,Maestro,"MC 스나이퍼, 김지향",,대한민국,한국어,3:11
user20,세상이 완벽했다면 (Feat. 태연 of 소녀시대),버벌진트,Rap / Hip-hop,2015,GO HARD Part 1 : 양가치,"버벌진트, Assbrass",,대한민국,한국어,3:52
user20,봄이 좋냐??,10cm,Fork,2016,3.2,10cm,,대한민국,한국어,3:25
user20,시간을 달려서 (Rough),여자친구(GFRIEND),Dance,2016,여자친구 3rd Mini Album `SNOWFLAKE`,"이기(오레오), 용배(RBW)",,대한민국,한국어,3:29
user21,6 Foot 7Foot,Lil Wayne,hip-hop,2011,The chapter IV,,,미국,영어,4:09
user21,I Don't mind,Usher,hip-hop,2014,x,,,미국,영어,4:08
user21,Not nice,PARTYNEXTDOOR,R&B,2016,PARTYNEXTDOOR 3,,,미국,영어,3:23
user21,Lollipop,Lil Wayne,R&B,2009,Cool: R&B,,,미국,영어,4:09
user21,The prediction,NAS,hip-hop,1999,Nastradmus,,,미국,영어,1:19
user21,Liefe we chose,NAS,hip-hop,1999,Nastradmus,,,미국,영어,4:08
user21,Come get me,NAS,hip-hop,1999,Nastradmus,,,미국,영어,5:31
user21,Family,NAS,hip-hop,1999,Nastradmus,,,미국,영어,5:16
user21,BIg girl,NAS,hip-hop,1999,Nastradmus,,,미국,영어,4:19
user21,New World,NAS,hip-hop,1999,Nastradmus,,,미국,영어,4:00
user22,괜찮아요,비투비,발라드,2015,Complete,손영진,손영진,대한민국,한국어,4:11
user22,집으로 가는 길,비투비,발라드,2015,I Mean,손영진,손영진,대한민국,한국어,4:00
user22,떠나지 못해,샤이니,댄스,2013,3집 SHINee The 3rd Album Chapter 2. `Why So Serious? - The misconceptions of me`,임광욱,임광욱,대한민국,한국어,4:40
user22,너는 나 나는 너,지코,알앤비,2016,Break Up 2 Make Up,지코,지코,대한민국,한국어,3:33
user22,EPILOGUE : Young Forever,방탄소년단,댄스,2016,화양연화 Young Forever,Slow Rabbit,Slow Rabbit,대한민국,한국어,2:51
user22,House Of Cards (full length edition),방탄소년단,댄스,2016,화양연화 Young Forever,Slow Rabbit,Slow Rabbit,대한민국,한국어,3:46
user22,Butterfly (alternative mix),방탄소년단,댄스,2016,화양연화 Young Forever,방시혁,방시혁,대한민국,한국어,4:01
user22,내 운명 피하고 싶어,박은태,뮤지컬,2010,뮤지컬 모차르트! OST,Sylvester Levay,Sylvester Levay,대한민국,한국어,4:04
user22,Gethsemane,박은태,뮤지컬,2015,뮤지컬 지저스 크라이스트 수퍼스타 OST,Andrew Lloyd Webber,Andrew Lloyd Webber,대한민국,한국어,6:01
user22,4 Walls,f(x),일렉트로니카,2015,4 Walls - The 4th Album,LDN Noise,LDN Noise,대한민국,한국어,3:27
user23,봄을 노래하다,40,R&B / 어반,2013,April's Spring,40,,대한민국,한국어,3:44
user23,오늘은 가지마,임세준&벤,발라드,2016,오늘은 가지마,임세준,,대한민국,한국어,4:03
user23,웅크려 앉아,페이퍼컷 프로젝트,"인디뮤직, 팝락",2014,1892014,,,대한민국,한국어,4:44
user23,삐에로는 우릴 보고 웃지,아이유,발라드,2014,꽃갈피,,,대한민국,한국어,3:53
user23,함께,노을,발라드,2015,응답하라 1988 Part.7,,,대한민국,한국어,4:32
user23,내가 저지른 사랑,임창정,발라드,2016,I'M,,,대한민국,한국어,4:01
user23,슬픈 인연,박윤하,발라드,2014,K팝 스타 시즌4,,,대한민국,한국어,2:26
user23,If Only,나윤건,발라드,2014,If only,,,대한민국,한국어,4:02
user23,I Want You Back,허각,발라드,2015,사월의 눈,,,대한민국,한국어,3:30
user23,가을비 내리는 밤에,11시 11분,인디뮤직,2014,가을비,,,대한민국,한국어,4:27
user24,yesterday,비틀즈,발라드,1965,Help!,McCartney,Lennon-McCartney,미국,영어,2:03
user24,baba yetu,크리스토퍼 틴,게임ost,2009,calling all dawns,크리스토퍼 틴,,미국,스와힐리어,3:30
user24,남촌,박재란,가곡,1965,,김동현,,대한민국,한국어,3:46
user24,stronger than you,에스텔,일렉트로닉,2015,,레베카 슈거,,미국,영어,2:57
user24,river flows in you,,뉴에이지,2001,frist love,이루마,,대한민국,,3:10
user24,you raise me up,웨스트라이프,팝,2005,face to face,웨스트라이프,,영국,영어,4:00
user24,let it go,이디나 멘젤,쇼튠,2013,frozen,로버트 로페즈,디즈니,미국,영어,3:45
user24,가시,버즈,발라드,2005,effect,윤우현,,대한민국,한국어,3:58
user24,야생화,박효신,발라드,2014,,김지향,cj,대한민국,한국어,5:!2
user24,벚꽃 엔딩,버스커버스커,발라드,2012,,장범준,,대한민국,한국어,4:25
user25,She,민경훈,발라드,2011,2집 소풍,김도훈,,대한민국,한국어,3:36
user25,나를 좋아하지 않는 그대에게,박원,발라드,2015,Like a Wonder,박원,,대한민국,한국어,6:03
user25,같은베개..,테이,발라드,2007,4집 애인,황세준,,대한민국,한국어,4:25
user25,야생화,박효신,발라드,2014,야생화,박효신,,대한민국,한국어,5:12
user25,짧은 한마디,민경훈,발라드,2011,2집 소풍,김세준,,대한민국,한국어,4:09
user25,My love,Westlife,pop,2000,Coast to Coast,Jorgen Elofsson/Pelle Nylen/David Kreuger/Per Magnusson,Jorgen Elofsson/Pelle Nylen/David Kreuger/Per Magnusson,미국,영어,3:52
user25,Mandy,Westlife,pop,2003,Mandy(Single),Scott English,Scott English,미국,영어,3:16
user25,누구보다 널 사랑해,디셈버,발라드,2011,조영수 All Star - 디셈버,조영수,조영수,대한민국,한국어,3:53
user25,미인,이기찬,발라드,2007,9집 Para Ti,조영수,,대한민국,한국어,3:38
user25,그대라는 사치,한동근,발라드,2016,"The Third Digital Single ""그대라는 사치""","제피(Xepy), 마스터키(MasterKey), 사파리 엠(SAFARI M) ",,대한민국,한국어,4:56
user26,목요일 밤,어반자카파,알앤비,2016,,"조현아,빈지노",조현아,대한민국,한국어,3:30
user26,휘파람,블랙핑크,랩/힙합,2016,SQUARE ONE,teddy,양현석,대한민국,"한국어,영어",3:31
user26,사랑해요,김범수,드라마음악,2016,함부로 애틋하게 OST Part 9,톰이랑제리,전우성,대한민국,한국어,4:08
user26,why so lonely,원더걸스,댄스,2016,Why So Lonely,"선미,혜림,유빈",박진영,대한민국,"한국어,영어",3:26
user26,너였다면,정승환,드라마음악,2016,또 오해영 OST Part 5,1601,1601,대한민국,한국어,4:32
user26,거짓말이라도 해줘요,박보람,드라마음악,2016,W OST Part 2,빨간양말,빨간양말,대한민국,한국어,3:33
user26,다시,박지민,알앤비,2016,19에서 20,박지민,박진영,대한민국,한국어,3:30
user26,꿈처럼,벤,드라마음악,2016,또 오해영 OST Part 2,박우상,박우상,대한민국,한국어,3:46
user26,사랑이 아프다,환희,드라마음악,2016,함부로 애틋하게 OST Part 10,박곰,박곰,대한민국,한국어,4:02
user26,사랑이뭔데,"서현진,유승우",드라마음악,2016,또 오해영 OST Part 3,엄기영,엄기영,대한민국,한국어,3:33
user26,돌아오지마,헤이즈,랩/힙합,2016,돌아오지마,헤이즈,헤이즈,대한민국,한국어,3:37
user27,몽환의숲,키네틱플로우,힙합,2006,Challenge 4 da Change,ULT,MC스나이퍼,대한민국,한국어,4:05
user27,Demons,Imagine Dragons,락,2012,Night Visions,,,미국,영어,2:56
user27,She wolf,David guetta,하우스,2012,Nothing but the beat ultimate,,,프랑스,영어,
user27,ships in the night,Mat kearney,락,2011,Young loe,,,미국,영어,
user27,Hall of fame,The script,락,2013,#3,,,아일랜드,영어,
user27,How you love me,3Lau,클럽/댄스,2014,how you love me,,,미국,영어,
user27,Let her go,Passenger,POP,2013,All the little lights마이클 데이비드 로젠버그,,,영국,영어,
user27,If i die young,The band perry,POP,2012,2012 Grammy Nominees,킴벌리 페리,,미국,영어,
user27,Lost stars,Adam Levie,POP,2014,Begin Again OST,Gregg Alexander,"Gregg Alexander, Nick Lashley, Nick Southwood, Danielle Brisebois",미국,영어,
user27,Human,Krewella,일렉트로니카,2013,Get Wet,,,미국,영어,
user28,우산,에픽하이,힙합,2008,"Pieces, Part One",에픽하이,"에픽하이, 플래닛 쉬버",대한민국,한국어,5:01
user28,낭만고양이,체리필터,락,2002,Made in Korea?,체리필터,체리필터,대한민국,한국어,3:50
user28,연애조건,윤하,락,2007,고백하기 좋은 날,윤하,,대한민국,한국어,4:28
user28,사랑은 Move,시크릿,댄스,,,,,대한민국,한국어,3:20
user28,Black & White,G.NA,댄스,,,,,대한민국,한국어,3:28
user28,허세,윤하,,,,,타블로,대한민국,한국어,3:51
user28,So Cool,시스타,,,,,,대한민국,한국어,3:21
user28,서쪽 하늘,윤하,,,,,,대한민국,한국어,4:29
user28,별처럼 ,윤하,발라드,,복면가왕 33회,,,대한민국,한국어,4:02
user28,혜성,윤하,,,혜성,,,대한민국,한국어,3:15
user29,오래전 그날,"윤종신,이적",발라드,2013,행보 2013윤종신,박주연,,대한민국,한국어,5:16
user29,사랑의 배터리,홍진영,Adult Contemporary,2009,사랑의 배터리,조영수,,대한민국,한국어,3:35
user29,너를 보내고,YB,Rock,1999,한국 rock 다시 부르기,임준철,,대한민국,한국어,3:53
user29,비행기,거북이,Dance,2006,거북이 사요!!,임성훈,,대한민국,한국어,3:41
user29,외톨이,아웃사이더,Rap,2009,Maestro,MC스나이퍼,,대한민국,한국어,3:11
user29,결혼까지 생각했어,휘성,R&B / Soul,2010,Realslow Is Back,김도훈,,대한민국,한국어,3:41
user29,가슴 시린 이야기 (Feat. 용준형 Of Beast),휘성,Ballad,2011,가슴 시린 이야기,김도훈,,대한민국,한국어,3:28
user29,진달래꽃,마야,Rock,2003,Born To Do It+@(Special Edition),,,대한민국,한국어,4:09
user29,"눈, 코, 입",태양,R&B / Soul,2014,RISE,TEDDY,,대한민국,한국어,3:59
user29,비밀번호 486,윤하 (YOUNHA),Rock,2007,고백하기 좋은 날,황찬희,,대한민국,한국어,3:57
user30,waiting for you,어쿠스틱콜라보,발라드,2011,Unplugged,,,,,
user30,네생각,존박,jazz,2016,,,,,,
user30,러시안룰렛,레드벨벳,댄스,2016,러시안룰렛,조윤경,Albi Albertsson,대한민국,한국어,3:31
user30,no way,"권순일, 박용인",드라마,2016,SBS 드라마 닥터스 OST Part 1 (No Way),"멧돼지와 몬스터 넘버나인, 키 유",,대한민국,한국어,3:43
user30,행복,레드벨벳,댄스 ,2014,행복,The 1st Single `행복 (Happiness)`,,대한민국,한국어,3:46
user30,문 열어봐,예성,재즈,2016,Here I am,"예성, 브라더수",,대한민국,한국어,4:28
user30,교복을 벗고,써니힐,재즈,2015,Sunny Blues, KZ와 태봉이,장현,대한민국,한국어,4:14
user30,초록창가,악동뮤지션,댄스,2016,사춘기 상,이찬혁,이찬혁,대한민국,한국어,3:20
user30,고백,정준일,발라드,2014,보고싶었어요,정준일,권영찬,대한민국,한국어,4:38
user30,얌얌,마카롱꿀떡,댄스,2016,PRODUCE 101,,7 go up,대한민국,한국어,3:13
user30,Boys And Girls,지코,랩/힙합,2015,3:20,지코,지코,대한민국,한국어,
user31,기대,나윤권,발라드,2005,기대(期待),김형석,,대한민국,한국어,4:38
user31,이 소설의 끝을 다시 써보려 해,한동근,발라드,2014,이 소설의 끝을 다시 써보려 해,"제피(Xepy), 마스터키(MasterKey)",,대한민국,한국어,4:22
user31,아프니까 사랑이죠,민경훈,락발라드,2010,재회 (再會),조영수,,대한민국,한국어,3:53
user31,니가 싫어,어반자카파,알앤비/어반,2012,니가 싫어,조현아,,대한민국,한국어,3:50
user31,공감,정준영,발라드,2016,공감,"정준영, 이지훈",,대한민국,한국어,4:07
user31,Home,로이킴,포크,2014,HOME,로이킴,,대한민국,한국어,3:49
user31,넋,40,알앤비/어반,2011,Got Faith,40,,대한민국,한국어,3:58
user31,체념,빅마마,알앤비/어반,2003,Like The Bible,이영현,,대한민국,한국어,4:59
user31,겁쟁이,버즈,"발라드, 팝락",2005,Effect,고석영,,대한민국,한국어,4:44
user31,아버지,인순이,발라드,2009,인순이,이현승,,대한민국,한국어,4:15
user32,welcome to the black parade,my chemical romance,락,2006,the black parade,,,,,
user32,welcome to the black parade,my chemical romance,"얼터너티브,펑크",2006,the black parade,Gerard Way,Rob cavallo,영국,,5:11
user32,The 2nd Law : Unsustainable,Muse,얼터너티브,2012,the 2nd Law,Muse,Muse,영국,,3:48
user32,The 2nd Law : isolated System,Muse,얼터너티브,2012,the 2nd Law,Muse,Muse,영국,,5:00
user32,Take My Hand,Simple Plan,펑크,2008,Simple Plan,Simple Plan,Simple Plan,캐나다,,3:51
user32,Holding On,Simple Plan,펑크,2008,Simple Plan,Simple Plan,Simple Plan,캐나다,,5:03
user32,Kiss Me Like Nobody's Watching,Simple Plan,팝,2016,Taking One For The Team,Simple Plan,Simple Plan,캐나다,,3:22
user32,You Suck At Love,Simple Plan,펑크,2012,Get Your Heart On!,Simple Plan,Simple Plan,캐나다,,3:11
user32,The Song Saved My LIfe,Simple Plan,펑크,2012,Get Your Heart On!,Simple Plan,Simple Plan,캐나다,,3:12
user32,Love Runs Out,OneRepublic,"팝락,얼터너티브락",2014,Love Runs Out,OneRepublic,OneRepublic,미국,,3:44
user32,거짓말,뷰렛,락,2007,"Be Full Of Spirit,Beautiful Violet",,,대한민국,한국어,4:20
user33,들리나요,Veritas project,CCM,2016,,,,대한민국,한국어,4:33
user33,My God Is Real,Fred Hammond,CCM,2013,United Tenors Hammond Hollister Roberson Wilson,Fred Hammond,Fred Hammond,미국,영어,4:40
user33,잠시,라스트,CCM,2016,잠시,,강원구,대한민국,한국어,4:17
user33,동행,함부영,CCM,2008,함부영 1집,,,대한민국,한국어,5:21
user33,그게뭐라고,어쿠루브,인디,2014,그게뭐라고,고닥,고닥,대한민국,한국어,3:19
user33,Wu,nafla,힙합,2015,,nafla,Lowkey Damian,대한민국,한국어,3:12
user33,너무 늦은건가요,손승연,CCM,2015,[THE MESSAGE PART 1],,,대한민국 ,한국어,4:29
user33,I See You,"윤민수,임세준",CCM,2015,심부름 두 번째 이야기,,,대한민국,한국어,4:15
user33,영원한 십자가,하명지,CCM,2016,영원한 십자가,하명지,하명지,대한민국,한국어,4:04
user33,이 사랑,더원,CCM,2012,This Love,,,대한민국,한국어,4:01
user34,falling in love,2ne1,,,,,,,,
user34,안부,"별, 나윤권",발라드,2008,The Best,박진영,,대한민국,한국어,4:04
user34,어땠을까,"싸이, 박정현",댄스,2012,싸이6甲 Part 1,싸이 유건형,,대한민국,한국어,4:04
user34,거북이,다비치,발라드,2013, MYSTIC BALLAD Part 2,이단옆차기,,대한민국,한국어,3:43
user34,Rain&Cry,15&,알앤비/어반,2014,Sugar,그루지오,,대한민국,한국어,3:35
user34,LoveSick,San E,힙합,2010,LoveSick,San E,,대한민국,한국어,3:44
user34,This time,원더걸스,발라드,2008,So Hot,홍지상,박진영,대한민국,한국어,4:35
user34,가끔,크러쉬,R&B / Soul,2014,Crush On You,Crush,,대한민국,한국어,4:25
user34,시간과 낙엽,악동뮤지션,발라드,2014,시간과 낙엽,이찬혁,,대한민국,한국어,4:07
user34,Shampoo,애프터스쿨,Dance,2011,Virgin,Daishi Dance,,대한민국,한국어,4:35
user35,SS the King,,House,2015,Accelrando,Yu_Asahina,Ikaricks/LhoU,대한민국,,3:38
user35,"Hello,Stranger",,Fusion,2015,Accelrando,LhoU,Ikaricks/LhoU,대한민국,,4:12
user35,Finding Star(Rework),,Electro House,2015,Accelrando,ginkiha,Ikaricks/LhoU,대한민국,,3:11
user35,Viola,,Trance,2015,AD:TRANCE5,Nhato,YsK439,일본,,6:01
user35,Afterimage(Club Mix),,Progressive Trance,2015,Accelrando,KHTP,Ikaricks/LhoU,대한민국,,5:38
user35,Airwave(Extended Mix),,NU Disco,2015,Accelrando,Kari,Ikaricks/LhoU,대한민국,,3:38
user35,Be-Music Primary(Remixed by FOIV),,House,2015,Accelrando,eFeL&FOIV,Ikaricks/LhoU,대한민국,,5:05
user35,臨終 2015,,Artcore,2015,Accelrando,Lunatic Sounds,Ikaricks/LhoU,대한민국,,2:44
user35,AXIS(Rework),,Trance,2015,Accelrando,ATAS,Ikaricks/LhoU,대한민국,,3:14
user35,Over The Horizon(Long Ver.),,Naughty&Cute Punk Pop,2015,,Yamajet,Ikaricks/LhoU,대한민국,,4:18
user36,Answer me,Broken Valentine,"락, 얼터너티브",2009,Calling you,변성환,변성환,대한민국,한국어,4:40
user36,너 그리고 나(NAVILLERA),여자친구,댄스,2016,LOL,"이기, 용배","이기, 용배","대한민국, ...",한국어,3:13
user36,알루미늄,Broken Valentine,락,2013,2집 알루미늄 (Aluminium),변G,변G,대한민국,한국어,5:42
user36,The Messenger,Linkin park,락,2010,A Thousand Suns,,"Warner Bros, Mike Shinoda","미국, 대한민국, …",영어,3:02
user36,Mermaid,Train,팝 / 락,2011,California 37,"Pat Monahan, Espen Lind, …","Espionage, Butch Walker","미국, 대한민국, ...",영어,3:16
user36,시퍼런 봄,쏜애플,락,2016,이상기후,"윤성현, 심재현",윤성현,대한민국,한국어,4:53
user36,오늘부터 우리는 (Me gustas tu),여자친구,댄스,2015,Flower Bud,"이기, 용배","이기, 용배",대한민국,한국어,3:41
user36,Drops Of Jupiter,Train,팝 / 락,2001,Drops of Jupiter,"Train, Patrick Monahan",Brendan O'Brien,"미국, 대한민국, …",영어,4:20
user36,Not Afraid,Eminem,힙합,2010,Recovery,"Eminem, Boi-1da, ...","Boi-1da, Eminem, Burnett","미국, 대한민국, ...",영어,4:10
user36,Citizen Erased,Muse,얼터너티브 락,2001,Origin of Symmetry,Muse,Muse,영국,영어,7:19
user37,Sleepwalking,Bring me the horizon,	Metalcore,2013, Sempiternal,Oliver Sykes,Terry Date,England,English,3:50
user37,Break,Three Days Grace,Alternative metal,2009,Life starts now,"Adam Gontier, Barry Stock",Howard Benson,Canada,English,3:13
user37,Bleed It Out,Linkin Park,Alternative rock,2007,Minutes to Midnight,Linkin Park,Mike Shinoda,USA,English,2:44
user37,Before I Forget,Slipknot,Nu metal,2005,Vol. 3,Paul Gray,Corey Taylor,USA,English,4:38
user37,Beggin,Madcon,"R&B, neo soul, hip hop",2004,So Dark the Con of Man,Bob Gaudio-Peggy Farina,3Elementz,USA,English,3:38
user37,Big Gun,AC/DC,Hard rock,1993,Last Action Hero Official Movie Soundtrack,"Angus Young, Malcolm Young",Rick Rubin,Australia,English,4:24
user37,The Wolves,Ben Howard,"Folk, indie folk",2011,Every Kingdom,Ben Howard,Chris Bond,Englang,English,3:18
user37,Intro,The xx,Trip hop,2009,xx,"Romy Madley Croft, Baria, Qureshi, Oliver Sim, Jamie Smith",Jamie xx,England,-,2:08
user37,Radioactive,Imagine Dragons,"Electronic rock, alternative rock",2013,Night Visions,"Melvyn Gonzalez, Alexander Grant, Ben McKee, Josh Mosser, Dan Platzman, Dan Reynolds, Wayne Sermon",Alex da Kid,USA,English,3:05
user37,Counting Stars,OneRepublic,Folk pop,2013,Native,Ryan Tedder,Noel Zancanella,USA,English,4:20